{
  "project_info": {
    "project_number": "708907595379",
    "firebase_url": "https://nomadic-groove-149105.firebaseio.com",
    "project_id": "nomadic-groove-149105",
    "storage_bucket": "nomadic-groove-149105.appspot.com"
  },
  "client": [
    {
      "client_info": {
        "mobilesdk_app_id": "1:708907595379:android:afe8a042ed9ded28",
        "android_client_info": {
          "package_name": "com.kangbc.kbcapplication2"
        }
      },
      "oauth_client": [
        {
          "client_id": "708907595379-5c363fgkvolvnt6ggiah7so9bthvms2s.apps.googleusercontent.com",
          "client_type": 3
        }
      ],
      "api_key": [
        {
          "current_key": "AIzaSyBxTMgljs4paCC4lsC8U__sQV6MidfDtYA"
        }
      ],
      "services": {
        "analytics_service": {
          "status": 1
        },
        "appinvite_service": {
          "status": 1,
          "other_platform_oauth_client": []
        },
        "ads_service": {
          "status": 2
        }
      }
    }
  ],
  "configuration_version": "1"
}