{
  "project_info": {
    "project_number": "457556662324",
    "firebase_url": "https://plasma-elf-147401.firebaseio.com",
    "project_id": "plasma-elf-147401",
    "storage_bucket": "plasma-elf-147401.appspot.com"
  },
  "client": [
    {
      "client_info": {
        "mobilesdk_app_id": "1:457556662324:android:76b26daa37c086f9",
        "android_client_info": {
          "package_name": "com.kangbc.kbcapplication1"
        }
      },
      "oauth_client": [
        {
          "client_id": "457556662324-e6073071cfk7iafm770hg0qps3moeug4.apps.googleusercontent.com",
          "client_type": 3
        }
      ],
      "api_key": [
        {
          "current_key": "AIzaSyBUy_4Zanxv01mBx4J1Z0GCtBNbMGoWGOo"
        }
      ],
      "services": {
        "analytics_service": {
          "status": 1
        },
        "appinvite_service": {
          "status": 1,
          "other_platform_oauth_client": []
        },
        "ads_service": {
          "status": 2
        }
      }
    }
  ],
  "configuration_version": "1"
}